{
    "combiner": {
        "activation": "relu",
        "bias_initializer": "zeros",
        "dropout": 0.0,
        "fc_layers": null,
        "flatten_inputs": false,
        "norm": null,
        "norm_params": null,
        "num_fc_layers": 0,
        "output_size": 256,
        "residual": false,
        "type": "concat",
        "use_bias": true,
        "weights_initializer": "xavier_uniform"
    },
    "input_features": [
        {
            "column": "Datum",
            "name": "Datum",
            "proc_column": "Datum_mZFLky",
            "saved_weights_in_checkpoint": true,
            "tied": null,
            "type": "date"
        },
        {
            "column": "Eroeffnung",
            "name": "Eroeffnung",
            "proc_column": "Eroeffnung_mZFLky",
            "saved_weights_in_checkpoint": true,
            "tied": null,
            "type": "number"
        },
        {
            "column": "Tageshoch",
            "name": "Tageshoch",
            "proc_column": "Tageshoch_mZFLky",
            "saved_weights_in_checkpoint": true,
            "tied": null,
            "type": "number"
        },
        {
            "column": "Tagestief",
            "name": "Tagestief",
            "proc_column": "Tagestief_mZFLky",
            "saved_weights_in_checkpoint": true,
            "tied": null,
            "type": "number"
        },
        {
            "column": "Umsatz",
            "name": "Umsatz",
            "proc_column": "Umsatz_mZFLky",
            "saved_weights_in_checkpoint": true,
            "tied": null,
            "type": "number"
        },
        {
            "column": "RSI",
            "name": "RSI",
            "proc_column": "RSI_mZFLky",
            "saved_weights_in_checkpoint": true,
            "tied": null,
            "type": "number"
        },
        {
            "column": "EMA",
            "name": "EMA",
            "proc_column": "EMA_mZFLky",
            "saved_weights_in_checkpoint": true,
            "tied": null,
            "type": "number"
        }
    ],
    "model": {
        "dropout": 0.1,
        "num_hidden_units": 64,
        "num_layers": 2,
        "output_activation": "linear",
        "recurrent_dropout": 0.1,
        "type": "deep_lstm"
    },
    "output_features": [
        {
            "clip": null,
            "column": "Schluss",
            "dependencies": [],
            "loss": {
                "type": "mean_squared_error",
                "weight": 1
            },
            "name": "Schluss",
            "preprocessing": {
                "fill_value": 0,
                "missing_value_strategy": "drop_row",
                "normalization": null
            },
            "proc_column": "Schluss_mZFLky",
            "reduce_dependencies": "sum",
            "reduce_input": "sum",
            "type": "number"
        }
    ],
    "preprocessing": {
        "audio": {
            "audio_feature": {
                "num_filter_bands": 80,
                "type": "fbank",
                "window_length_in_s": 0.04,
                "window_shift_in_s": 0.02
            },
            "audio_file_length_limit_in_s": 7.5,
            "in_memory": true,
            "missing_value_strategy": "backfill",
            "norm": null,
            "padding_value": 0
        },
        "bag": {
            "fill_value": "<UNK>",
            "lowercase": false,
            "missing_value_strategy": "fill_with_const",
            "most_common": 10000,
            "tokenizer": "space"
        },
        "binary": {
            "missing_value_strategy": "fill_with_false"
        },
        "category": {
            "fill_value": "<UNK>",
            "lowercase": false,
            "missing_value_strategy": "fill_with_const",
            "most_common": 10000
        },
        "date": {
            "datetime_format": null,
            "fill_value": "",
            "missing_value_strategy": "fill_with_const"
        },
        "force_split": false,
        "h3": {
            "fill_value": 576495936675512319,
            "missing_value_strategy": "fill_with_const"
        },
        "image": {
            "in_memory": true,
            "infer_image_dimensions": true,
            "infer_image_max_height": 256,
            "infer_image_max_width": 256,
            "infer_image_num_channels": true,
            "infer_image_sample_size": 100,
            "missing_value_strategy": "backfill",
            "num_processes": 1,
            "resize_method": "interpolate",
            "scaling": "pixel_normalization"
        },
        "number": {
            "fill_value": 0,
            "missing_value_strategy": "fill_with_const",
            "normalization": null
        },
        "oversample_minority": null,
        "sample_ratio": 1.0,
        "sequence": {
            "fill_value": "<UNK>",
            "lowercase": false,
            "max_sequence_length": 256,
            "missing_value_strategy": "fill_with_const",
            "most_common": 20000,
            "padding": "right",
            "padding_symbol": "<PAD>",
            "tokenizer": "space",
            "unknown_symbol": "<UNK>",
            "vocab_file": null
        },
        "set": {
            "fill_value": "<UNK>",
            "lowercase": false,
            "missing_value_strategy": "fill_with_const",
            "most_common": 10000,
            "tokenizer": "space"
        },
        "split_probabilities": [
            0.7,
            0.1,
            0.2
        ],
        "stratify": null,
        "text": {
            "fill_value": "<UNK>",
            "lowercase": true,
            "max_sequence_length": 256,
            "missing_value_strategy": "fill_with_const",
            "most_common": 20000,
            "padding": "right",
            "padding_symbol": "<PAD>",
            "pretrained_model_name_or_path": null,
            "tokenizer": "space_punct",
            "unknown_symbol": "<UNK>",
            "vocab_file": null
        },
        "timeseries": {
            "fill_value": "",
            "missing_value_strategy": "fill_with_const",
            "padding": "right",
            "padding_value": 0,
            "timeseries_length_limit": 256,
            "tokenizer": "space"
        },
        "undersample_majority": null,
        "vector": {
            "fill_value": "",
            "missing_value_strategy": "fill_with_const"
        }
    },
    "trainer": {
        "batch_size": 32,
        "checkpoints_per_epoch": 0,
        "decay": false,
        "decay_rate": 0.96,
        "decay_steps": 10000,
        "early_stop": 5,
        "epochs": 2,
        "eval_batch_size": null,
        "evaluate_training_set": true,
        "gradient_clipping": {
            "clipglobalnorm": 0.5,
            "clipnorm": null,
            "clipvalue": null
        },
        "increase_batch_size_eval_metric": "loss",
        "increase_batch_size_eval_split": "training",
        "increase_batch_size_on_plateau": 0,
        "increase_batch_size_on_plateau_max": 512,
        "increase_batch_size_on_plateau_patience": 5,
        "increase_batch_size_on_plateau_rate": 2.0,
        "learning_rate": 0.001,
        "learning_rate_scaling": "linear",
        "learning_rate_warmup_epochs": 1.0,
        "optimizer": {
            "amsgrad": false,
            "betas": [
                0.9,
                0.999
            ],
            "eps": 1e-08,
            "lr": 0.001,
            "type": "adam",
            "weight_decay": 0.0
        },
        "reduce_learning_rate_eval_metric": "loss",
        "reduce_learning_rate_eval_split": "training",
        "reduce_learning_rate_on_plateau": 0.0,
        "reduce_learning_rate_on_plateau_patience": 5,
        "reduce_learning_rate_on_plateau_rate": 0.5,
        "regularization_lambda": 0.0,
        "regularization_type": "l2",
        "should_shuffle": true,
        "staircase": false,
        "steps_per_checkpoint": 0,
        "train_steps": null,
        "validation_field": "combined",
        "validation_metric": "loss"
    }
}