{
    "Datum": {
        "preprocessing": {
            "computed_fill_value": "",
            "datetime_format": null,
            "fill_value": "",
            "missing_value_strategy": "fill_with_const"
        }
    },
    "EMA": {
        "preprocessing": {
            "computed_fill_value": 0,
            "fill_value": 0,
            "missing_value_strategy": "fill_with_const",
            "normalization": null
        }
    },
    "Eroeffnung": {
        "preprocessing": {
            "computed_fill_value": 0,
            "fill_value": 0,
            "missing_value_strategy": "fill_with_const",
            "normalization": null
        }
    },
    "RSI": {
        "preprocessing": {
            "computed_fill_value": 0,
            "fill_value": 0,
            "missing_value_strategy": "fill_with_const",
            "normalization": null
        }
    },
    "Schluss": {
        "preprocessing": {
            "fill_value": 0,
            "missing_value_strategy": "drop_row",
            "normalization": null
        }
    },
    "Tageshoch": {
        "preprocessing": {
            "computed_fill_value": 0,
            "fill_value": 0,
            "missing_value_strategy": "fill_with_const",
            "normalization": null
        }
    },
    "Tagestief": {
        "preprocessing": {
            "computed_fill_value": 0,
            "fill_value": 0,
            "missing_value_strategy": "fill_with_const",
            "normalization": null
        }
    },
    "Umsatz": {
        "preprocessing": {
            "computed_fill_value": 0,
            "fill_value": 0,
            "missing_value_strategy": "fill_with_const",
            "normalization": null
        }
    },
    "checksum": "Nc18sCPlM0PlsI8cViC26Q=="
}